# source	replacement
zolo	Zoro
roronoa	Roronoa
lufi	Luffy
nami	Nami
usopp	Usopp
sanji	Sanji
chopper	Chopper
robin	Robin
franky	Franky
brook	Brook
whitebeard	Whitebeard
buggy	Buggy
vivi	Vivi
sabo	Sabo
grand line	Grand Line
all blue	All Blue
east blue	East Blue
new world	New World
drum island	Drum Island
alabaster	Alabasta
thriller bark	Thriller Bark
enies lobby	Enies Lobby
water seven	Water Seven
sky island	Sky Island
fishman island	Fish-Man Island
fishman	Fish-Man
impel down	Impel Down
wano	Wano
marineford	Marineford
world government	World Government
going merry	Going Merry
thousand sunny	Thousand Sunny
straw hat	Straw Hat
devil fruits	Devil Fruits
devil fruit	Devil Fruit
haki	Haki
gum gum	Gum-Gum
den den mushi	Den Den Mushi
log pose	Log Pose
eternal pose	Eternal Pose
sea prism stone	Sea Prism Stone
baroque works	Baroque Works
mihawk	Mihawk
doflamingo	Doflamingo
blackbeard	Blackbeard
kaido	Kaido
big mom	Big Mom
shanks	Shanks
gold roger	Gol D. Roger
nakama	Nakama
marines	Marines
marine	Marine
pirate king	Pirate King
yonko	Yonko
kirsten	Kristen
nani	what
senchou	Captain
mr. nami	Nami-san
rinu	Kureha
rinn	Kureha
ban the boat	guard the boat
